id,province,province_code,ghn_provinceId,province_misa_code,district,district_code,ghn_districtId,district_misa_code,ward,ward_code,ward_misa_code,ghn_ward_code
1,Hà Nội,1,201,VN101,Huyện Ba Vì,1,1803,VN10151,Thị trấn Tây Đằng,1,VN1015149,1B1701
2,Hà Nội,1,201,VN101,Huyện Ba Vì,1,1803,VN10151,Xã Ba Trại,2,VN1015135,1B1702
3,Hà Nội,1,201,VN101,Huyện Ba Vì,1,1803,VN10151,Xã Ba Vì,3,VN1015139,1B1703
4,Hà Nội,1,201,VN101,Huyện Ba Vì,1,1803,VN10151,Xã Cẩm Lĩnh,4,VN1015123,1B1704
5,Hà Nội,1,201,VN101,Huyện Ba Vì,1,1803,VN10151,Xã Cam Thượng,5,VN1015131,1B1705
6,Hà Nội,1,201,VN101,Huyện Ba Vì,1,1803,VN10151,Xã Châu Sơn,6,VN1015107,1B1706
7,Hà Nội,1,201,VN101,Huyện Ba Vì,1,1803,VN10151,Xã Chu Minh,7,VN1015121,1B1707
8,Hà Nội,1,201,VN101,Huyện Ba Vì,1,1803,VN10151,Xã Cổ Đô,8,VN1015103,1B1708
9,Hà Nội,1,201,VN101,Huyện Ba Vì,1,1803,VN10151,Xã Đông Quang,9,VN1015127,1B1709
10,Hà Nội,1,201,VN101,Huyện Ba Vì,1,1803,VN10151,Xã Đồng Thái,10,VN1015117,1B1710
11,Hà Nội,1,201,VN101,Huyện Ba Vì,1,1803,VN10151,Xã Khánh Thượng,11,VN1015141,1B1711
12,Hà Nội,1,201,VN101,Huyện Ba Vì,1,1803,VN10151,Xã Minh Châu,12,VN1015119,1B1712
13,Hà Nội,1,201,VN101,Huyện Ba Vì,1,1803,VN10151,Xã Minh Quang,13,VN1015137,1B1713
14,Hà Nội,1,201,VN101,Huyện Ba Vì,1,1803,VN10151,Xã Phong Vân,14,VN1015109,1B1714
15,Hà Nội,1,201,VN101,Huyện Ba Vì,1,1803,VN10151,Xã Phú Châu,15,VN1015113,1B1715
16,Hà Nội,1,201,VN101,Huyện Ba Vì,1,1803,VN10151,Xã Phú Cường,16,VN1015101,1B1716
17,Hà Nội,1,201,VN101,Huyện Ba Vì,1,1803,VN10151,Xã Phú Đông,17,VN1015111,1B1717
18,Hà Nội,1,201,VN101,Huyện Ba Vì,1,1803,VN10151,Xã Phú Phương,18,VN1015153,1B1718
19,Hà Nội,1,201,VN101,Huyện Ba Vì,1,1803,VN10151,Xã Phú Sơn,19,VN1015155,1B1719
20,Hà Nội,1,201,VN101,Huyện Ba Vì,1,1803,VN10151,Xã Sơn Đà,20,VN1015125,1B1720
21,Hà Nội,1,201,VN101,Huyện Ba Vì,1,1803,VN10151,Xã Tản Hồng,21,VN1015105,1B1721
22,Hà Nội,1,201,VN101,Huyện Ba Vì,1,1803,VN10151,Xã Tản Lĩnh,22,VN1015161,1B1722
23,Hà Nội,1,201,VN101,Huyện Ba Vì,1,1803,VN10151,Xã Thái Hòa,23,VN1015115,1B1723
24,Hà Nội,1,201,VN101,Huyện Ba Vì,1,1803,VN10151,Xã Thuần Mỹ,24,VN1015133,1B1724
25,Hà Nội,1,201,VN101,Huyện Ba Vì,1,1803,VN10151,Xã Thụy An,25,VN1015129,1B1725
26,Hà Nội,1,201,VN101,Huyện Ba Vì,1,1803,VN10151,Xã Tiên Phong,26,VN1015159,1B1726
27,Hà Nội,1,201,VN101,Huyện Ba Vì,1,1803,VN10151,Xã Tòng Bạt,27,VN1015157,1B1727
28,Hà Nội,1,201,VN101,Huyện Ba Vì,1,1803,VN10151,Xã Vân Hòa,28,VN1015163,1B1728
29,Hà Nội,1,201,VN101,Huyện Ba Vì,1,1803,VN10151,Xã Vạn Thắng,29,VN1015151,1B1729
30,Hà Nội,1,201,VN101,Huyện Ba Vì,1,1803,VN10151,Xã Vật Lại,30,VN1015145,1B1730
31,Hà Nội,1,201,VN101,Huyện Ba Vì,1,1803,VN10151,Xã Yên Bài,31,VN1015147,1B1731
32,Hà Nội,1,201,VN101,Huyện Chương Mỹ,2,1915,VN10153,Thị trấn Chúc Sơn,32,VN1015325,1B2132
33,Hà Nội,1,201,VN101,Huyện Chương Mỹ,2,1915,VN10153,Thị trấn Xuân Mai,33,VN1015327,1B2133
34,Hà Nội,1,201,VN101,Huyện Chương Mỹ,2,1915,VN10153,Xã Đại Yên,34,VN1015303,1B2134
35,Hà Nội,1,201,VN101,Huyện Chương Mỹ,2,1915,VN10153,Xã Đồng Lạc,35,VN1015323,1B2135
36,Hà Nội,1,201,VN101,Huyện Chương Mỹ,2,1915,VN10153,Xã Đồng Phú,36,VN1015359,1B2136
37,Hà Nội,1,201,VN101,Huyện Chương Mỹ,2,1915,VN10153,Xã Đông Phương Yên,37,VN1015331,1B2137
38,Hà Nội,1,201,VN101,Huyện Chương Mỹ,2,1915,VN10153,Xã Đông Sơn,38,VN1015329,1B2138
39,Hà Nội,1,201,VN101,Huyện Chương Mỹ,2,1915,VN10153,Xã Hòa Chính,39,VN1015365,1B2139
40,Hà Nội,1,201,VN101,Huyện Chương Mỹ,2,1915,VN10153,Xã Hoàng Diệu,40,VN1015353,1B2140
41,Hà Nội,1,201,VN101,Huyện Chương Mỹ,2,1915,VN10153,Xã Hoàng Văn Thụ,41,VN1015351,1B2141
42,Hà Nội,1,201,VN101,Huyện Chương Mỹ,2,1915,VN10153,Xã Hồng Phong,42,VN1015321,1B2142
43,Hà Nội,1,201,VN101,Huyện Chương Mỹ,2,1915,VN10153,Xã Hợp Đồng,43,VN1015317,1B2143
44,Hà Nội,1,201,VN101,Huyện Chương Mỹ,2,1915,VN10153,Xã Hữu Văn,44,VN1015319,1B2144
45,Hà Nội,1,201,VN101,Huyện Chương Mỹ,2,1915,VN10153,Xã Lam Điền,45,VN1015345,1B2145
46,Hà Nội,1,201,VN101,Huyện Chương Mỹ,2,1915,VN10153,Xã Mỹ Lương,46,VN1015355,1B2146
47,Hà Nội,1,201,VN101,Huyện Chương Mỹ,2,1915,VN10153,Xã Nam Phương Tiến,47,VN1015349,1B2147
48,Hà Nội,1,201,VN101,Huyện Chương Mỹ,2,1915,VN10153,Xã Ngọc Hòa,48,VN1015337,1B2148
49,Hà Nội,1,201,VN101,Huyện Chương Mỹ,2,1915,VN10153,Xã Phú Nam An,49,VN1015307,1B2149
50,Hà Nội,1,201,VN101,Huyện Chương Mỹ,2,1915,VN10153,Xã Phú Nghĩa,50,VN1015311,1B2150
51,Hà Nội,1,201,VN101,Huyện Chương Mỹ,2,1915,VN10153,Xã Phụng Châu,51,VN1015309,1B2151
52,Hà Nội,1,201,VN101,Huyện Chương Mỹ,2,1915,VN10153,Xã Quảng Bị,52,VN1015305,1B2152
53,Hà Nội,1,201,VN101,Huyện Chương Mỹ,2,1915,VN10153,Xã Tân Tiến,53,VN1015347,1B2153
54,Hà Nội,1,201,VN101,Huyện Chương Mỹ,2,1915,VN10153,Xã Thanh Bình,54,VN1015339,1B2154
55,Hà Nội,1,201,VN101,Huyện Chương Mỹ,2,1915,VN10153,Xã Thượng Vực,55,VN1015357,1B2155
56,Hà Nội,1,201,VN101,Huyện Chương Mỹ,2,1915,VN10153,Xã Thụy Hương,56,VN1015343,1B2156
57,Hà Nội,1,201,VN101,Huyện Chương Mỹ,2,1915,VN10153,Xã Thủy Xuân Tiên,57,VN1015313,1B2157
58,Hà Nội,1,201,VN101,Huyện Chương Mỹ,2,1915,VN10153,Xã Tiên Phương,58,VN1015301,1B2158
59,Hà Nội,1,201,VN101,Huyện Chương Mỹ,2,1915,VN10153,Xã Tốt Động,59,VN1015315,1B2159
60,Hà Nội,1,201,VN101,Huyện Chương Mỹ,2,1915,VN10153,Xã Trần Phú,60,VN1015361,1B2160
61,Hà Nội,1,201,VN101,Huyện Chương Mỹ,2,1915,VN10153,Xã Trung Hòa,61,VN1015341,1B2161
62,Hà Nội,1,201,VN101,Huyện Chương Mỹ,2,1915,VN10153,Xã Trường Yên,62,VN1015335,1B2162
63,Hà Nội,1,201,VN101,Huyện Chương Mỹ,2,1915,VN10153,Xã Văn Võ,63,VN1015363,1B2163
64,Hà Nội,1,201,VN101,Huyện Đan Phượng,3,1804,VN10133,Thị trấn Phùng,64,VN1013311,1B2164
65,Hà Nội,1,201,VN101,Huyện Đan Phượng,3,1804,VN10133,Xã Đan Phượng,65,VN1013329,1B2165
66,Hà Nội,1,201,VN101,Huyện Đan Phượng,3,1804,VN10133,Xã Đồng Tháp,66,VN1013331,1B2166
67,Hà Nội,1,201,VN101,Huyện Đan Phượng,3,1804,VN10133,Xã Hạ Mỗ,67,VN1013305,1B2167
68,Hà Nội,1,201,VN101,Huyện Đan Phượng,3,1804,VN10133,Xã Hồng Hà,68,VN1013317,1B2168
69,Hà Nội,1,201,VN101,Huyện Đan Phượng,3,1804,VN10133,Xã Liên Hà,69,VN1013321,1B2169
70,Hà Nội,1,201,VN101,Huyện Đan Phượng,3,1804,VN10133,Xã Liên Hồng,70,VN1013319,1B2170
71,Hà Nội,1,201,VN101,Huyện Đan Phượng,3,1804,VN10133,Xã Liên Trung,71,VN1013323,1B2171
72,Hà Nội,1,201,VN101,Huyện Đan Phượng,3,1804,VN10133,Xã Phương Đình,72,VN1013303,1B2172
73,Hà Nội,1,201,VN101,Huyện Đan Phượng,3,1804,VN10133,Xã Song Phượng,73,VN1013309,1B2173
74,Hà Nội,1,201,VN101,Huyện Đan Phượng,3,1804,VN10133,Xã Tân Hội,74,VN1013307,1B2174
75,Hà Nội,1,201,VN101,Huyện Đan Phượng,3,1804,VN10133,Xã Tân Lập,75,VN1013327,1B2175
76,Hà Nội,1,201,VN101,Huyện Đan Phượng,3,1804,VN10133,Xã Thọ An,76,VN1013301,1B2176
77,Hà Nội,1,201,VN101,Huyện Đan Phượng,3,1804,VN10133,Xã Thọ Xuân,77,VN1013315,1B2177
78,Hà Nội,1,201,VN101,Huyện Đan Phượng,3,1804,VN10133,Xã Thượng Mỗ,78,VN1013325,1B2178
79,Hà Nội,1,201,VN101,Huyện Đan Phượng,3,1804,VN10133,Xã Trung Châu,79,VN1013313,1B2179
80,Hà Nội,1,201,VN101,Huyện Đông Anh,4,1582,VN10117,Thị trấn Đông Anh,80,VN1011735,1B2180
81,Hà Nội,1,201,VN101,Huyện Đông Anh,4,1582,VN10117,Xã Bắc Hồng,81,VN1011705,1B2181
82,Hà Nội,1,201,VN101,Huyện Đông Anh,4,1582,VN10117,Xã Cổ Loa,82,VN1011723,1B2182
83,Hà Nội,1,201,VN101,Huyện Đông Anh,4,1582,VN10117,Xã Đại Mạch,83,VN1011743,1B2183
84,Hà Nội,1,201,VN101,Huyện Đông Anh,4,1582,VN10117,Xã Đông Hội,84,VN1011747,1B2184
85,Hà Nội,1,201,VN101,Huyện Đông Anh,4,1582,VN10117,Xã Dục Tú,85,VN1011719,1B2185
86,Hà Nội,1,201,VN101,Huyện Đông Anh,4,1582,VN10117,Xã Hải Bối,86,VN1011725,1B2186
87,Hà Nội,1,201,VN101,Huyện Đông Anh,4,1582,VN10117,Xã Kim Chung,87,VN1011717,1B2187
88,Hà Nội,1,201,VN101,Huyện Đông Anh,4,1582,VN10117,Xã Kim Nỗ,88,VN1011741,1B2188
89,Hà Nội,1,201,VN101,Huyện Đông Anh,4,1582,VN10117,Xã Liên Hà,89,VN1011713,1B2189
90,Hà Nội,1,201,VN101,Huyện Đông Anh,4,1582,VN10117,Xã Mai Lâm,90,VN1011729,1B2190
91,Hà Nội,1,201,VN101,Huyện Đông Anh,4,1582,VN10117,Xã Nam Hồng,91,VN1011707,1B2191
92,Hà Nội,1,201,VN101,Huyện Đông Anh,4,1582,VN10117,Xã Nguyên Khê,92,VN1011737,1B2192
93,Hà Nội,1,201,VN101,Huyện Đông Anh,4,1582,VN10117,Xã Tàm Xá,93,VN1011733,1B2193
94,Hà Nội,1,201,VN101,Huyện Đông Anh,4,1582,VN10117,Xã Thụy Lâm,94,VN1011703,1B2194
95,Hà Nội,1,201,VN101,Huyện Đông Anh,4,1582,VN10117,Xã Tiên Dương,95,VN1011709,1B2195
96,Hà Nội,1,201,VN101,Huyện Đông Anh,4,1582,VN10117,Xã Uy Nỗ,96,VN1011739,1B2196
97,Hà Nội,1,201,VN101,Huyện Đông Anh,4,1582,VN10117,Xã Vân Hà,97,VN1011711,1B2197
98,Hà Nội,1,201,VN101,Huyện Đông Anh,4,1582,VN10117,Xã Vân Nội,98,VN1011731,1B2198
99,Hà Nội,1,201,VN101,Huyện Đông Anh,4,1582,VN10117,Xã Việt Hùng,99,VN1011715,1B2199
100,Hà Nội,1,201,VN101,Huyện Đông Anh,4,1582,VN10117,Xã Vĩnh Ngọc,100,VN1011721,1B2200
101,Hà Nội,1,201,VN101,Huyện Đông Anh,4,1582,VN10117,Xã Võng La,101,VN1011727,1B2201
102,Hà Nội,1,201,VN101,Huyện Đông Anh,4,1582,VN10117,Xã Xuân Canh,102,VN1011745,1B2202
103,Hà Nội,1,201,VN101,Huyện Đông Anh,4,1582,VN10117,Xã Xuân Nộn,103,VN1011701,1B2203
104,Hà Nội,1,201,VN101,Huyện Gia Lâm,5,1703,VN10119,Thị trấn Trâu Quỳ,104,VN1011929,1B2204
105,Hà Nội,1,201,VN101,Huyện Gia Lâm,5,1703,VN10119,Thị trấn Yên Viên,105,VN1011911,1B2205
106,Hà Nội,1,201,VN101,Huyện Gia Lâm,5,1703,VN10119,Xã Bát Tràng,106,VN1011903,1B2206
107,Hà Nội,1,201,VN101,Huyện Gia Lâm,5,1703,VN10119,Xã Cổ Bi,107,VN1011923,1B2207
108,Hà Nội,1,201,VN101,Huyện Gia Lâm,5,1703,VN10119,Xã Đa Tốn,108,VN1011909,1B2208
109,Hà Nội,1,201,VN101,Huyện Gia Lâm,5,1703,VN10119,Xã Đặng Xá,109,VN1011925,1B2209
110,Hà Nội,1,201,VN101,Huyện Gia Lâm,5,1703,VN10119,Xã Đình Xuyên,110,VN1011917,1B2210
111,Hà Nội,1,201,VN101,Huyện Gia Lâm,5,1703,VN10119,Xã Đông Dư,111,VN1011933,1B2211
112,Hà Nội,1,201,VN101,Huyện Gia Lâm,5,1703,VN10119,Xã Dương Hà,112,VN1011919,1B2212
113,Hà Nội,1,201,VN101,Huyện Gia Lâm,5,1703,VN10119,Xã Dương Quang,113,VN1011931,1B2213
114,Hà Nội,1,201,VN101,Huyện Gia Lâm,5,1703,VN10119,Xã Dương Xá,114,VN1011943,1B2214
115,Hà Nội,1,201,VN101,Huyện Gia Lâm,5,1703,VN10119,Xã Kiêu Kỵ,115,VN1011901,1B2215
116,Hà Nội,1,201,VN101,Huyện Gia Lâm,5,1703,VN10119,Xã Kim Lan,116,VN1011905,1B2216
117,Hà Nội,1,201,VN101,Huyện Gia Lâm,5,1703,VN10119,Xã Kim Sơn,117,VN1011927,1B2217
118,Hà Nội,1,201,VN101,Huyện Gia Lâm,5,1703,VN10119,Xã Lệ Chi,118,VN1011935,1B2218
119,Hà Nội,1,201,VN101,Huyện Gia Lâm,5,1703,VN10119,Xã Ninh Hiệp,119,VN1011937,1B2219
120,Hà Nội,1,201,VN101,Huyện Gia Lâm,5,1703,VN10119,Xã Phù Đổng,120,VN1011921,1B2220
121,Hà Nội,1,201,VN101,Huyện Gia Lâm,5,1703,VN10119,Xã Phú Thị,121,VN1011941,1B2221
122,Hà Nội,1,201,VN101,Huyện Gia Lâm,5,1703,VN10119,Xã Trung Mầu,122,VN1011939,1B2222
123,Hà Nội,1,201,VN101,Huyện Gia Lâm,5,1703,VN10119,Xã Văn Đức,123,VN1011907,1B2223
124,Hà Nội,1,201,VN101,Huyện Gia Lâm,5,1703,VN10119,Xã Yên Thường,124,VN1011913,1B2224
125,Hà Nội,1,201,VN101,Huyện Gia Lâm,5,1703,VN10119,Xã Yên Viên,125,VN1011915,1B2225
126,Hà Nội,1,201,VN101,Huyện Hoài Đức,6,1805,VN10137,Thị trấn Trạm Trôi,126,VN1013715,1B2226
127,Hà Nội,1,201,VN101,Huyện Hoài Đức,6,1805,VN10137,Xã An Khánh,127,VN1013711,1B2227
128,Hà Nội,1,201,VN101,Huyện Hoài Đức,6,1805,VN10137,Xã An Thượng,128,VN1013735,1B2228
129,Hà Nội,1,201,VN101,Huyện Hoài Đức,6,1805,VN10137,Xã Cát Quế,129,VN1013723,1B2229
130,Hà Nội,1,201,VN101,Huyện Hoài Đức,6,1805,VN10137,Xã Đắc Sở,130,VN1013709,1B2230
131,Hà Nội,1,201,VN101,Huyện Hoài Đức,6,1805,VN10137,Xã Di Trạch,131,VN1013701,1B2231
132,Hà Nội,1,201,VN101,Huyện Hoài Đức,6,1805,VN10137,Xã Đông La,132,VN1013713,1B2232
133,Hà Nội,1,201,VN101,Huyện Hoài Đức,6,1805,VN10137,Xã Đức Giang,133,VN1013721,1B2233
134,Hà Nội,1,201,VN101,Huyện Hoài Đức,6,1805,VN10137,Xã Đức Thượng,134,VN1013717,1B2234
135,Hà Nội,1,201,VN101,Huyện Hoài Đức,6,1805,VN10137,Xã Dương Liễu,135,VN1013705,1B2235
136,Hà Nội,1,201,VN101,Huyện Hoài Đức,6,1805,VN10137,Xã Kim Chung,136,VN1013707,1B2236
137,Hà Nội,1,201,VN101,Huyện Hoài Đức,6,1805,VN10137,Xã La Phù,137,VN1013739,1B2237
138,Hà Nội,1,201,VN101,Huyện Hoài Đức,6,1805,VN10137,Xã Lại Yên,138,VN1013731,1B2238
139,Hà Nội,1,201,VN101,Huyện Hoài Đức,6,1805,VN10137,Xã Minh Khai,139,VN1013719,1B2239
140,Hà Nội,1,201,VN101,Huyện Hoài Đức,6,1805,VN10137,Xã Sơn Đồng,140,VN1013727,1B2240
141,Hà Nội,1,201,VN101,Huyện Hoài Đức,6,1805,VN10137,Xã Song Phương,141,VN1013703,1B2241
142,Hà Nội,1,201,VN101,Huyện Hoài Đức,6,1805,VN10137,Xã Tiền Yên,142,VN1013733,1B2242
143,Hà Nội,1,201,VN101,Huyện Hoài Đức,6,1805,VN10137,Xã Vân Canh,143,VN1013729,1B2243
144,Hà Nội,1,201,VN101,Huyện Hoài Đức,6,1805,VN10137,Xã Vân Côn,144,VN1013737,1B2244
145,Hà Nội,1,201,VN101,Huyện Hoài Đức,6,1805,VN10137,Xã Yên Sở,145,VN1013725,1B2245
146,Hà Nội,1,201,VN101,Huyện Mê Linh,7,1581,VN10125,Thị trấn Chi Đông,146,VN1012535,1B2246
147,Hà Nội,1,201,VN101,Huyện Mê Linh,7,1581,VN10125,Thị trấn Quang Minh,147,VN1012525,1B2247
148,Hà Nội,1,201,VN101,Huyện Mê Linh,7,1581,VN10125,Xã Chu Phan,148,VN1012515,1B2248
149,Hà Nội,1,201,VN101,Huyện Mê Linh,7,1581,VN10125,Xã Đại Thịnh,149,VN1012501,1B2249
150,Hà Nội,1,201,VN101,Huyện Mê Linh,7,1581,VN10125,Xã Hoàng Kim,150,VN1012521,1B2250
151,Hà Nội,1,201,VN101,Huyện Mê Linh,7,1581,VN10125,Xã Kim Hoa,151,VN1012503,1B2251
152,Hà Nội,1,201,VN101,Huyện Mê Linh,7,1581,VN10125,Xã Liên Mạc,152,VN1012511,1B2252
153,Hà Nội,1,201,VN101,Huyện Mê Linh,7,1581,VN10125,Xã Mê Linh,153,VN1012517,1B2253
154,Hà Nội,1,201,VN101,Huyện Mê Linh,7,1581,VN10125,Xã Tam Đồng,154,VN1012529,1B2254
155,Hà Nội,1,201,VN101,Huyện Mê Linh,7,1581,VN10125,Xã Thạch Đà,155,VN1012505,1B2255
156,Hà Nội,1,201,VN101,Huyện Mê Linh,7,1581,VN10125,Xã Thanh Lâm,156,VN1012509,1B2256
157,Hà Nội,1,201,VN101,Huyện Mê Linh,7,1581,VN10125,Xã Tiền Phong,157,VN1012533,1B2257
158,Hà Nội,1,201,VN101,Huyện Mê Linh,7,1581,VN10125,Xã Tiến Thắng,158,VN1012527,1B2258
159,Hà Nội,1,201,VN101,Huyện Mê Linh,7,1581,VN10125,Xã Tiến Thịnh,159,VN1012531,1B2259
160,Hà Nội,1,201,VN101,Huyện Mê Linh,7,1581,VN10125,Xã Tráng Việt,160,VN1012523,1B2260
161,Hà Nội,1,201,VN101,Huyện Mê Linh,7,1581,VN10125,Xã Tự Lập,161,VN1012507,1B2261
162,Hà Nội,1,201,VN101,Huyện Mê Linh,7,1581,VN10125,Xã Văn Khê,162,VN1012519,1B2262
163,Hà Nội,1,201,VN101,Huyện Mê Linh,7,1581,VN10125,Xã Vạn Yên,163,VN1012513,1B2263
164,Hà Nội,1,201,VN101,Huyện Mỹ Đức,8,1806,VN10145,Thị trấn Đại Nghĩa,164,VN1014501,1B2264
165,Hà Nội,1,201,VN101,Huyện Mỹ Đức,8,1806,VN10145,Xã An Mỹ,165,VN1014507,1B2265
166,Hà Nội,1,201,VN101,Huyện Mỹ Đức,8,1806,VN10145,Xã An Phú,166,VN1014527,1B2266
167,Hà Nội,1,201,VN101,Huyện Mỹ Đức,8,1806,VN10145,Xã An Tiến,167,VN1014503,1B2267
168,Hà Nội,1,201,VN101,Huyện Mỹ Đức,8,1806,VN10145,Xã Bột Xuyên,168,VN1014539,1B2268
169,Hà Nội,1,201,VN101,Huyện Mỹ Đức,8,1806,VN10145,Xã Đại Hưng,169,VN1014513,1B2269
170,Hà Nội,1,201,VN101,Huyện Mỹ Đức,8,1806,VN10145,Xã Đốc Tín,170,VN1014517,1B2270
171,Hà Nội,1,201,VN101,Huyện Mỹ Đức,8,1806,VN10145,Xã Đồng Tâm,171,VN1014531,1B2271
172,Hà Nội,1,201,VN101,Huyện Mỹ Đức,8,1806,VN10145,Xã Hồng Sơn,172,VN1014541,1B2272
173,Hà Nội,1,201,VN101,Huyện Mỹ Đức,8,1806,VN10145,Xã Hợp Thanh,173,VN1014525,1B2273
174,Hà Nội,1,201,VN101,Huyện Mỹ Đức,8,1806,VN10145,Xã Hợp Tiến,174,VN1014523,1B2274
175,Hà Nội,1,201,VN101,Huyện Mỹ Đức,8,1806,VN10145,Xã Hùng Tiến,175,VN1014521,1B2275
176,Hà Nội,1,201,VN101,Huyện Mỹ Đức,8,1806,VN10145,Xã Hương Sơn,176,VN1014519,1B2276
177,Hà Nội,1,201,VN101,Huyện Mỹ Đức,8,1806,VN10145,Xã Lê Thanh,177,VN1014543,1B2277
178,Hà Nội,1,201,VN101,Huyện Mỹ Đức,8,1806,VN10145,Xã Mỹ Thành,178,VN1014537,1B2278
179,Hà Nội,1,201,VN101,Huyện Mỹ Đức,8,1806,VN10145,Xã Phù Lưu Tế,179,VN1014511,1B2279
180,Hà Nội,1,201,VN101,Huyện Mỹ Đức,8,1806,VN10145,Xã Phúc Lâm,180,VN1014505,1B2280
181,Hà Nội,1,201,VN101,Huyện Mỹ Đức,8,1806,VN10145,Xã Phùng Xá,181,VN1014529,1B2281
182,Hà Nội,1,201,VN101,Huyện Mỹ Đức,8,1806,VN10145,Xã Thượng Lâm,182,VN1014533,1B2282
183,Hà Nội,1,201,VN101,Huyện Mỹ Đức,8,1806,VN10145,Xã Tuy Lai,183,VN1014535,1B2283
184,Hà Nội,1,201,VN101,Huyện Mỹ Đức,8,1806,VN10145,Xã Vạn Kim,184,VN1014515,1B2284
185,Hà Nội,1,201,VN101,Huyện Mỹ Đức,8,1806,VN10145,Xã Xuy Xá,185,VN1014509,1B2285
186,Hà Nội,1,201,VN101,Huyện Phú Xuyên,9,3255,VN10149,Thị trấn Phú Minh,186,VN1014921,1B2286
187,Hà Nội,1,201,VN101,Huyện Phú Xuyên,9,3255,VN10149,Thị trấn Phú Xuyên,187,VN1014917,1B2287
188,Hà Nội,1,201,VN101,Huyện Phú Xuyên,9,3255,VN10149,Xã Bạch Hạ,188,VN1014953,1B2288
189,Hà Nội,1,201,VN101,Huyện Phú Xuyên,9,3255,VN10149,Xã Châu Can,189,VN1014955,1B2289
190,Hà Nội,1,201,VN101,Huyện Phú Xuyên,9,3255,VN10149,Xã Chuyên Mỹ,190,VN1014909,1B2290
191,Hà Nội,1,201,VN101,Huyện Phú Xuyên,9,3255,VN10149,Xã Đại Thắng,191,VN1014931,1B2291
192,Hà Nội,1,201,VN101,Huyện Phú Xuyên,9,3255,VN10149,Xã Đại Xuyên,192,VN1014949,1B2292
193,Hà Nội,1,201,VN101,Huyện Phú Xuyên,9,3255,VN10149,Xã Hoàng Long,193,VN1014935,1B2293
194,Hà Nội,1,201,VN101,Huyện Phú Xuyên,9,3255,VN10149,Xã Hồng Minh,194,VN1014923,1B2294
195,Hà Nội,1,201,VN101,Huyện Phú Xuyên,9,3255,VN10149,Xã Hồng Thái,195,VN1014933,1B2295
196,Hà Nội,1,201,VN101,Huyện Phú Xuyên,9,3255,VN10149,Xã Khai Thái,196,VN1014903,1B2296
197,Hà Nội,1,201,VN101,Huyện Phú Xuyên,9,3255,VN10149,Xã Minh Tân,197,VN1014905,1B2297
198,Hà Nội,1,201,VN101,Huyện Phú Xuyên,9,3255,VN10149,Xã Nam Phong,198,VN1014907,1B2298
199,Hà Nội,1,201,VN101,Huyện Phú Xuyên,9,3255,VN10149,Xã Nam Tiến,199,VN1014957,1B2299
200,Hà Nội,1,201,VN101,Huyện Phú Xuyên,9,3255,VN10149,Xã Nam Triều,200,VN1014939,1B2300
201,Hà Nội,1,201,VN101,Huyện Phú Xuyên,9,3255,VN10149,Xã Phú Túc,201,VN1014901,1B2301
202,Hà Nội,1,201,VN101,Huyện Phú Xuyên,9,3255,VN10149,Xã Phú Yên,202,VN1014951,1B2302
203,Hà Nội,1,201,VN101,Huyện Phú Xuyên,9,3255,VN10149,Xã Phúc Tiến,203,VN1014945,1B2303
204,Hà Nội,1,201,VN101,Huyện Phú Xuyên,9,3255,VN10149,Xã Phượng Dực,204,VN1014925,1B2304
205,Hà Nội,1,201,VN101,Huyện Phú Xuyên,9,3255,VN10149,Xã Quang Lãng,205,VN1014913,1B2305
206,Hà Nội,1,201,VN101,Huyện Phú Xuyên,9,3255,VN10149,Xã Quang Trung,206,VN1014937,1B2306
207,Hà Nội,1,201,VN101,Huyện Phú Xuyên,9,3255,VN10149,Xã Sơn Hà,207,VN1014943,1B2307
208,Hà Nội,1,201,VN101,Huyện Phú Xuyên,9,3255,VN10149,Xã Tân Dân,208,VN1014941,1B2308
209,Hà Nội,1,201,VN101,Huyện Phú Xuyên,9,3255,VN10149,Xã Tri Thủy,209,VN1014911,1B2309
210,Hà Nội,1,201,VN101,Huyện Phú Xuyên,9,3255,VN10149,Xã Tri Trung,210,VN1014929,1B2310
211,Hà Nội,1,201,VN101,Huyện Phú Xuyên,9,3255,VN10149,Xã Văn Hoàng,211,VN1014915,1B2311
212,Hà Nội,1,201,VN101,Huyện Phú Xuyên,9,3255,VN10149,Xã Vân Từ,212,VN1014947,1B2312
213,Hà Nội,1,201,VN101,Huyện Phúc Thọ,10,1807,VN10131,Thị trấn Phúc Thọ,213,VN1013133,1B2313
214,Hà Nội,1,201,VN101,Huyện Phúc Thọ,10,1807,VN10131,Xã Hát Môn,214,VN1013131,1B2314
215,Hà Nội,1,201,VN101,Huyện Phúc Thọ,10,1807,VN10131,Xã Hiệp Thuận,215,VN1013143,1B2315
216,Hà Nội,1,201,VN101,Huyện Phúc Thọ,10,1807,VN10131,Xã Liên Hiệp,216,VN1013145,1B2316
217,Hà Nội,1,201,VN101,Huyện Phúc Thọ,10,1807,VN10131,Xã Long Xuyên,217,VN1013115,1B2317
218,Hà Nội,1,201,VN101,Huyện Phúc Thọ,10,1807,VN10131,Xã Ngọc Tảo,218,VN1013141,1B2318
219,Hà Nội,1,201,VN101,Huyện Phúc Thọ,10,1807,VN10131,Xã Phúc Hòa,219,VN1013123,1B2319
220,Hà Nội,1,201,VN101,Huyện Phúc Thọ,10,1807,VN10131,Xã Phụng Thượng,220,VN1013125,1B2320
221,Hà Nội,1,201,VN101,Huyện Phúc Thọ,10,1807,VN10131,Xã Sen Phương,221,VN1013149,1B2321
222,Hà Nội,1,201,VN101,Huyện Phúc Thọ,10,1807,VN10131,Xã Tam Hiệp,222,VN1013129,1B2322
223,Hà Nội,1,201,VN101,Huyện Phúc Thọ,10,1807,VN10131,Xã Tam Thuấn,223,VN1013127,1B2323
224,Hà Nội,1,201,VN101,Huyện Phúc Thọ,10,1807,VN10131,Xã Thanh Đa,224,VN1013119,1B2324
225,Hà Nội,1,201,VN101,Huyện Phúc Thọ,10,1807,VN10131,Xã Thọ Lộc,225,VN1013137,1B2325
226,Hà Nội,1,201,VN101,Huyện Phúc Thọ,10,1807,VN10131,Xã Thượng Cốc,226,VN1013117,1B2326
227,Hà Nội,1,201,VN101,Huyện Phúc Thọ,10,1807,VN10131,Xã Tích Giang,227,VN1013139,1B2327
228,Hà Nội,1,201,VN101,Huyện Phúc Thọ,10,1807,VN10131,Xã Trạch Mỹ Lộc,228,VN1013121,1B2328
229,Hà Nội,1,201,VN101,Huyện Phúc Thọ,10,1807,VN10131,Xã Vân Hà,229,VN1013101,1B2329
230,Hà Nội,1,201,VN101,Huyện Phúc Thọ,10,1807,VN10131,Xã Vân Nam,230,VN1013105,1B2330
231,Hà Nội,1,201,VN101,Huyện Phúc Thọ,10,1807,VN10131,Xã Vân Phúc,231,VN1013103,1B2331
232,Hà Nội,1,201,VN101,Huyện Phúc Thọ,10,1807,VN10131,Xã Võng Xuyên,232,VN1013113,1B2332
233,Hà Nội,1,201,VN101,Huyện Phúc Thọ,10,1807,VN10131,Xã Xuân Đình,233,VN1013147,1B2333
234,Hà Nội,1,201,VN101,Huyện Quốc Oai,11,2004,VN10139,Thị trấn Quốc Oai,234,VN1013915,1B2334
235,Hà Nội,1,201,VN101,Huyện Quốc Oai,11,2004,VN10139,Xã Cấn Hữu,235,VN1013935,1B2335
236,Hà Nội,1,201,VN101,Huyện Quốc Oai,11,2004,VN10139,Xã Cộng Hòa,236,VN1013931,1B2336
237,Hà Nội,1,201,VN101,Huyện Quốc Oai,11,2004,VN10139,Xã Đại Thành,237,VN1013903,1B2337
238,Hà Nội,1,201,VN101,Huyện Quốc Oai,11,2004,VN10139,Xã Đồng Quang,238,VN1013925,1B2338
239,Hà Nội,1,201,VN101,Huyện Quốc Oai,11,2004,VN10139,Xã Đông Xuân,239,VN1013941,1B2339
240,Hà Nội,1,201,VN101,Huyện Quốc Oai,11,2004,VN10139,Xã Đông Yên,240,VN1013913,1B2340
241,Hà Nội,1,201,VN101,Huyện Quốc Oai,11,2004,VN10139,Xã Hòa Thạch,241,VN1013939,1B2341
242,Hà Nội,1,201,VN101,Huyện Quốc Oai,11,2004,VN10139,Xã Liệp Tuyết,242,VN1013923,1B2342
243,Hà Nội,1,201,VN101,Huyện Quốc Oai,11,2004,VN10139,Xã Nghĩa Hương,243,VN1013909,1B2343
244,Hà Nội,1,201,VN101,Huyện Quốc Oai,11,2004,VN10139,Xã Ngọc Liệp,244,VN1013901,1B2344
245,Hà Nội,1,201,VN101,Huyện Quốc Oai,11,2004,VN10139,Xã Ngọc Mỹ,245,VN1013921,1B2345
246,Hà Nội,1,201,VN101,Huyện Quốc Oai,11,2004,VN10139,Xã Phú Cát,246,VN1013927,1B2346
247,Hà Nội,1,201,VN101,Huyện Quốc Oai,11,2004,VN10139,Xã Phú Mãn,247,VN1013911,1B2347
248,Hà Nội,1,201,VN101,Huyện Quốc Oai,11,2004,VN10139,Xã Phượng Cách,248,VN1013905,1B2348
249,Hà Nội,1,201,VN101,Huyện Quốc Oai,11,2004,VN10139,Xã Sài Sơn,249,VN1013917,1B2349
250,Hà Nội,1,201,VN101,Huyện Quốc Oai,11,2004,VN10139,Xã Tân Hòa,250,VN1013937,1B2350
251,Hà Nội,1,201,VN101,Huyện Quốc Oai,11,2004,VN10139,Xã Tân Phú,251,VN1013933,1B2351
252,Hà Nội,1,201,VN101,Huyện Quốc Oai,11,2004,VN10139,Xã Thạch Thán,252,VN1013907,1B2352
253,Hà Nội,1,201,VN101,Huyện Quốc Oai,11,2004,VN10139,Xã Tuyết Nghĩa,253,VN1013929,1B2353
254,Hà Nội,1,201,VN101,Huyện Quốc Oai,11,2004,VN10139,Xã Yên Sơn,254,VN1013919,1B2354
255,Hà Nội,1,201,VN101,Huyện Sóc Sơn,12,1583,VN10115,Thị trấn Sóc Sơn,255,VN1011501,1B2355
256,Hà Nội,1,201,VN101,Huyện Sóc Sơn,12,1583,VN10115,Xã Bắc Phú,256,VN1011515,1B2356
257,Hà Nội,1,201,VN101,Huyện Sóc Sơn,12,1583,VN10115,Xã Bắc Sơn,257,VN1011503,1B2357
258,Hà Nội,1,201,VN101,Huyện Sóc Sơn,12,1583,VN10115,Xã Đông Xuân,258,VN1011529,1B2358
259,Hà Nội,1,201,VN101,Huyện Sóc Sơn,12,1583,VN10115,Xã Đức Hòa,259,VN1011549,1B2359
260,Hà Nội,1,201,VN101,Huyện Sóc Sơn,12,1583,VN10115,Xã Hiền Ninh,260,VN1011519,1B2360
261,Hà Nội,1,201,VN101,Huyện Sóc Sơn,12,1583,VN10115,Xã Hồng Kỳ,261,VN1011505,1B2361
262,Hà Nội,1,201,VN101,Huyện Sóc Sơn,12,1583,VN10115,Xã Kim Lũ,262,VN1011531,1B2362
263,Hà Nội,1,201,VN101,Huyện Sóc Sơn,12,1583,VN10115,Xã Mai Đình,263,VN1011525,1B2363
264,Hà Nội,1,201,VN101,Huyện Sóc Sơn,12,1583,VN10115,Xã Minh Phú,264,VN1011511,1B2364
265,Hà Nội,1,201,VN101,Huyện Sóc Sơn,12,1583,VN10115,Xã Minh Trí,265,VN1011541,1B2365
266,Hà Nội,1,201,VN101,Huyện Sóc Sơn,12,1583,VN10115,Xã Nam Sơn,266,VN1011507,1B2366
267,Hà Nội,1,201,VN101,Huyện Sóc Sơn,12,1583,VN10115,Xã Phú Cường,267,VN1011551,1B2367
268,Hà Nội,1,201,VN101,Huyện Sóc Sơn,12,1583,VN10115,Xã Phù Linh,268,VN1011513,1B2368
269,Hà Nội,1,201,VN101,Huyện Sóc Sơn,12,1583,VN10115,Xã Phù Lỗ,269,VN1011539,1B2369
270,Hà Nội,1,201,VN101,Huyện Sóc Sơn,12,1583,VN10115,Xã Phú Minh,270,VN1011533,1B2370
271,Hà Nội,1,201,VN101,Huyện Sóc Sơn,12,1583,VN10115,Xã Quang Tiến,271,VN1011517,1B2371
272,Hà Nội,1,201,VN101,Huyện Sóc Sơn,12,1583,VN10115,Xã Tân Dân,272,VN1011537,1B2372
273,Hà Nội,1,201,VN101,Huyện Sóc Sơn,12,1583,VN10115,Xã Tân Hưng,273,VN1011543,1B2373
274,Hà Nội,1,201,VN101,Huyện Sóc Sơn,12,1583,VN10115,Xã Tân Minh,274,VN1011545,1B2374
275,Hà Nội,1,201,VN101,Huyện Sóc Sơn,12,1583,VN10115,Xã Thanh Xuân,275,VN1011527,1B2375
276,Hà Nội,1,201,VN101,Huyện Sóc Sơn,12,1583,VN10115,Xã Tiên Dược,276,VN1011547,1B2376
277,Hà Nội,1,201,VN101,Huyện Sóc Sơn,12,1583,VN10115,Xã Trung Giã,277,VN1011509,1B2377
278,Hà Nội,1,201,VN101,Huyện Sóc Sơn,12,1583,VN10115,Xã Việt Long,278,VN1011521,1B2378
279,Hà Nội,1,201,VN101,Huyện Sóc Sơn,12,1583,VN10115,Xã Xuân Giang,279,VN1011523,1B2379
280,Hà Nội,1,201,VN101,Huyện Sóc Sơn,12,1583,VN10115,Xã Xuân Thu,280,VN1011535,1B2380
281,Hà Nội,1,201,VN101,Huyện Thạch Thất,13,1808,VN10135,Thị trấn Liên Quan,281,VN1013515,1B2381
282,Hà Nội,1,201,VN101,Huyện Thạch Thất,13,1808,VN10135,Xã Bình Phú,282,VN1013537,1B2382
283,Hà Nội,1,201,VN101,Huyện Thạch Thất,13,1808,VN10135,Xã Bình Yên,283,VN1013527,1B2383
284,Hà Nội,1,201,VN101,Huyện Thạch Thất,13,1808,VN10135,Xã Cẩm Yên,284,VN1013519,1B2384
285,Hà Nội,1,201,VN101,Huyện Thạch Thất,13,1808,VN10135,Xã Cần Kiệm,285,VN1013531,1B2385
286,Hà Nội,1,201,VN101,Huyện Thạch Thất,13,1808,VN10135,Xã Canh Nậu,286,VN1013523,1B2386
287,Hà Nội,1,201,VN101,Huyện Thạch Thất,13,1808,VN10135,Xã Chàng Sơn,287,VN1013529,1B2387
288,Hà Nội,1,201,VN101,Huyện Thạch Thất,13,1808,VN10135,Xã Đại Đồng,288,VN1013517,1B2388
289,Hà Nội,1,201,VN101,Huyện Thạch Thất,13,1808,VN10135,Xã Dị Nậu,289,VN1013525,1B2389
290,Hà Nội,1,201,VN101,Huyện Thạch Thất,13,1808,VN10135,Xã Đồng Trúc,290,VN1013539,1B2390
291,Hà Nội,1,201,VN101,Huyện Thạch Thất,13,1808,VN10135,Xã Hạ Bằng,291,VN1013513,1B2391
292,Hà Nội,1,201,VN101,Huyện Thạch Thất,13,1808,VN10135,Xã Hương Ngải,292,VN1013521,1B2392
293,Hà Nội,1,201,VN101,Huyện Thạch Thất,13,1808,VN10135,Xã Hữu Bằng,293,VN1013503,1B2393
294,Hà Nội,1,201,VN101,Huyện Thạch Thất,13,1808,VN10135,Xã Kim Quan,294,VN1013507,1B2394
295,Hà Nội,1,201,VN101,Huyện Thạch Thất,13,1808,VN10135,Xã Lại Thượng,295,VN1013505,1B2395
296,Hà Nội,1,201,VN101,Huyện Thạch Thất,13,1808,VN10135,Xã Phú Kim,296,VN1013501,1B2396
297,Hà Nội,1,201,VN101,Huyện Thạch Thất,13,1808,VN10135,Xã Phùng Xá,297,VN1013533,1B2397
298,Hà Nội,1,201,VN101,Huyện Thạch Thất,13,1808,VN10135,Xã Tân Xã,298,VN1013511,1B2398
299,Hà Nội,1,201,VN101,Huyện Thạch Thất,13,1808,VN10135,Xã Thạch Hòa,299,VN1013509,1B2399
300,Hà Nội,1,201,VN101,Huyện Thạch Thất,13,1808,VN10135,Xã Thạch Xá,300,VN1013535,1B2400
301,Hà Nội,1,201,VN101,Huyện Thạch Thất,13,1808,VN10135,Xã Tiến Xuân,301,VN1013545,1B2401
302,Hà Nội,1,201,VN101,Huyện Thạch Thất,13,1808,VN10135,Xã Yên Bình,302,VN1013541,1B2402
303,Hà Nội,1,201,VN101,Huyện Thạch Thất,13,1808,VN10135,Xã Yên Trung,303,VN1013543,1B2403
304,Hà Nội,1,201,VN101,Huyện Thanh Oai,14,1809,VN10141,Thị trấn Kim Bài,304,VN1014139,1B2404
305,Hà Nội,1,201,VN101,Huyện Thanh Oai,14,1809,VN10141,Xã Bích Hòa,305,VN1014141,1B2405
306,Hà Nội,1,201,VN101,Huyện Thanh Oai,14,1809,VN10141,Xã Bình Minh,306,VN1014117,1B2406
307,Hà Nội,1,201,VN101,Huyện Thanh Oai,14,1809,VN10141,Xã Cao Dương,307,VN1014105,1B2407
308,Hà Nội,1,201,VN101,Huyện Thanh Oai,14,1809,VN10141,Xã Cao Viên,308,VN1014115,1B2408
309,Hà Nội,1,201,VN101,Huyện Thanh Oai,14,1809,VN10141,Xã Cự Khê,309,VN1014107,1B2409
310,Hà Nội,1,201,VN101,Huyện Thanh Oai,14,1809,VN10141,Xã Dân Hòa,310,VN1014133,1B2410
311,Hà Nội,1,201,VN101,Huyện Thanh Oai,14,1809,VN10141,Xã Đỗ Động,311,VN1014127,1B2411
312,Hà Nội,1,201,VN101,Huyện Thanh Oai,14,1809,VN10141,Xã Hồng Dương,312,VN1014137,1B2412
313,Hà Nội,1,201,VN101,Huyện Thanh Oai,14,1809,VN10141,Xã Kim An,313,VN1014109,1B2413
314,Hà Nội,1,201,VN101,Huyện Thanh Oai,14,1809,VN10141,Xã Kim Thư,314,VN1014129,1B2414
315,Hà Nội,1,201,VN101,Huyện Thanh Oai,14,1809,VN10141,Xã Liên Châu,315,VN1014135,1B2415
316,Hà Nội,1,201,VN101,Huyện Thanh Oai,14,1809,VN10141,Xã Mỹ Hưng,316,VN1014101,1B2416
317,Hà Nội,1,201,VN101,Huyện Thanh Oai,14,1809,VN10141,Xã Phương Trung,317,VN1014131,1B2417
318,Hà Nội,1,201,VN101,Huyện Thanh Oai,14,1809,VN10141,Xã Tam Hưng,318,VN1014119,1B2418
319,Hà Nội,1,201,VN101,Huyện Thanh Oai,14,1809,VN10141,Xã Tân Ước,319,VN1014111,1B2419
320,Hà Nội,1,201,VN101,Huyện Thanh Oai,14,1809,VN10141,Xã Thanh Cao,320,VN1014121,1B2420
321,Hà Nội,1,201,VN101,Huyện Thanh Oai,14,1809,VN10141,Xã Thanh Mai,321,VN1014103,1B2421
322,Hà Nội,1,201,VN101,Huyện Thanh Oai,14,1809,VN10141,Xã Thanh Thùy,322,VN1014123,1B2422
323,Hà Nội,1,201,VN101,Huyện Thanh Oai,14,1809,VN10141,Xã Thanh Văn,323,VN1014125,1B2423
324,Hà Nội,1,201,VN101,Huyện Thanh Oai,14,1809,VN10141,Xã Xuân Dương,324,VN1014113,1B2424
325,Hà Nội,1,201,VN101,Huyện Thanh Trì,15,1710,VN10123,Thị trấn Văn Điển,325,VN1012301,1B2425
326,Hà Nội,1,201,VN101,Huyện Thanh Trì,15,1710,VN10123,Xã Đại áng,326,VN1012319,1B2426
327,Hà Nội,1,201,VN101,Huyện Thanh Trì,15,1710,VN10123,Xã Đông Mỹ,327,VN1012331,1B2427
328,Hà Nội,1,201,VN101,Huyện Thanh Trì,15,1710,VN10123,Xã Duyên Hà,328,VN1012315,1B2428
329,Hà Nội,1,201,VN101,Huyện Thanh Trì,15,1710,VN10123,Xã Hữu Hòa,329,VN1012307,1B2429
330,Hà Nội,1,201,VN101,Huyện Thanh Trì,15,1710,VN10123,Xã Liên Ninh,330,VN1012321,1B2430
331,Hà Nội,1,201,VN101,Huyện Thanh Trì,15,1710,VN10123,Xã Ngọc Hồi,331,VN1012329,1B2431
332,Hà Nội,1,201,VN101,Huyện Thanh Trì,15,1710,VN10123,Xã Ngũ Hiệp,332,VN1012323,1B2432
333,Hà Nội,1,201,VN101,Huyện Thanh Trì,15,1710,VN10123,Xã Tả Thanh Oai,333,VN1012325,1B2433
334,Hà Nội,1,201,VN101,Huyện Thanh Trì,15,1710,VN10123,Xã Tam Hiệp,334,VN1012309,1B2434
335,Hà Nội,1,201,VN101,Huyện Thanh Trì,15,1710,VN10123,Xã Tân Triều,335,VN1012303,1B2435
336,Hà Nội,1,201,VN101,Huyện Thanh Trì,15,1710,VN10123,Xã Thanh Liệt,336,VN1012305,1B2436
337,Hà Nội,1,201,VN101,Huyện Thanh Trì,15,1710,VN10123,Xã Tứ Hiệp,337,VN1012311,1B2437
338,Hà Nội,1,201,VN101,Huyện Thanh Trì,15,1710,VN10123,Xã Vạn Phúc,338,VN1012317,1B2438
339,Hà Nội,1,201,VN101,Huyện Thanh Trì,15,1710,VN10123,Xã Vĩnh Quỳnh,339,VN1012313,1B2439
340,Hà Nội,1,201,VN101,Huyện Thanh Trì,15,1710,VN10123,Xã Yên Mỹ,340,VN1012327,1B2440
341,Hà Nội,1,201,VN101,Huyện Thường Tín,16,3303,VN10143,Thị trấn Thường Tín,341,VN1014321,1B2441
342,Hà Nội,1,201,VN101,Huyện Thường Tín,16,3303,VN10143,Xã Chương Dương,342,VN1014315,1B2442
343,Hà Nội,1,201,VN101,Huyện Thường Tín,16,3303,VN10143,Xã Dũng Tiến,343,VN1014317,1B2443
344,Hà Nội,1,201,VN101,Huyện Thường Tín,16,3303,VN10143,Xã Duyên Thái,344,VN1014325,1B2444
345,Hà Nội,1,201,VN101,Huyện Thường Tín,16,3303,VN10143,Xã Hà Hồi,345,VN1014313,1B2445
346,Hà Nội,1,201,VN101,Huyện Thường Tín,16,3303,VN10143,Xã Hiền Giang,346,VN1014331,1B2446
347,Hà Nội,1,201,VN101,Huyện Thường Tín,16,3303,VN10143,Xã Hòa Bình,347,VN1014329,1B2447
348,Hà Nội,1,201,VN101,Huyện Thường Tín,16,3303,VN10143,Xã Hồng Vân,348,VN1014301,1B2448
349,Hà Nội,1,201,VN101,Huyện Thường Tín,16,3303,VN10143,Xã Khánh Hà,349,VN1014327,1B2449
350,Hà Nội,1,201,VN101,Huyện Thường Tín,16,3303,VN10143,Xã Lê Lợi,350,VN1014347,1B2450
351,Hà Nội,1,201,VN101,Huyện Thường Tín,16,3303,VN10143,Xã Liên Phương,351,VN1014311,1B2451
352,Hà Nội,1,201,VN101,Huyện Thường Tín,16,3303,VN10143,Xã Minh Cường,352,VN1014357,1B2452
353,Hà Nội,1,201,VN101,Huyện Thường Tín,16,3303,VN10143,Xã Nghiêm Xuyên,353,VN1014353,1B2453
354,Hà Nội,1,201,VN101,Huyện Thường Tín,16,3303,VN10143,Xã Nguyễn Trãi,354,VN1014343,1B2454
355,Hà Nội,1,201,VN101,Huyện Thường Tín,16,3303,VN10143,Xã Nhị Khê,355,VN1014307,1B2455
356,Hà Nội,1,201,VN101,Huyện Thường Tín,16,3303,VN10143,Xã Ninh Sở,356,VN1014323,1B2456
357,Hà Nội,1,201,VN101,Huyện Thường Tín,16,3303,VN10143,Xã Quất Động,357,VN1014303,1B2457
358,Hà Nội,1,201,VN101,Huyện Thường Tín,16,3303,VN10143,Xã Tân Minh,358,VN1014345,1B2458
359,Hà Nội,1,201,VN101,Huyện Thường Tín,16,3303,VN10143,Xã Thắng Lợi,359,VN1014349,1B2459
360,Hà Nội,1,201,VN101,Huyện Thường Tín,16,3303,VN10143,Xã Thống Nhất,360,VN1014351,1B2460
361,Hà Nội,1,201,VN101,Huyện Thường Tín,16,3303,VN10143,Xã Thư Phú,361,VN1014341,1B2461
362,Hà Nội,1,201,VN101,Huyện Thường Tín,16,3303,VN10143,Xã Tiền Phong,362,VN1014339,1B2462
363,Hà Nội,1,201,VN101,Huyện Thường Tín,16,3303,VN10143,Xã Tô Hiệu,363,VN1014355,1B2463
364,Hà Nội,1,201,VN101,Huyện Thường Tín,16,3303,VN10143,Xã Tự Nhiên,364,VN1014337,1B2464
365,Hà Nội,1,201,VN101,Huyện Thường Tín,16,3303,VN10143,Xã Văn Bình,365,VN1014309,1B2465
366,Hà Nội,1,201,VN101,Huyện Thường Tín,16,3303,VN10143,Xã Vạn Điểm,366,VN1014305,1B2466
367,Hà Nội,1,201,VN101,Huyện Thường Tín,16,3303,VN10143,Xã Văn Phú,367,VN1014335,1B2467
368,Hà Nội,1,201,VN101,Huyện Thường Tín,16,3303,VN10143,Xã Vân Tảo,368,VN1014333,1B2468
369,Hà Nội,1,201,VN101,Huyện Thường Tín,16,3303,VN10143,Xã Văn Tự,369,VN1014319,1B2469
370,Hà Nội,1,201,VN101,Huyện ứng Hòa,17,1810,VN10147,Thị trấn Vân Đình,370,VN1014719,1B2470
371,Hà Nội,1,201,VN101,Huyện ứng Hòa,17,1810,VN10147,Xã Cao Thành,371,VN1014727,1B2471
372,Hà Nội,1,201,VN101,Huyện ứng Hòa,17,1810,VN10147,Xã Đại Cường,372,VN1014755,1B2472
373,Hà Nội,1,201,VN101,Huyện ứng Hòa,17,1810,VN10147,Xã Đại Hùng,373,VN1014751,1B2473
374,Hà Nội,1,201,VN101,Huyện ứng Hòa,17,1810,VN10147,Xã Đội Bình,374,VN1014749,1B2474
375,Hà Nội,1,201,VN101,Huyện ứng Hòa,17,1810,VN10147,Xã Đông Lỗ,375,VN1014701,1B2475
376,Hà Nội,1,201,VN101,Huyện ứng Hòa,17,1810,VN10147,Xã Đồng Tân,376,VN1014735,1B2476
377,Hà Nội,1,201,VN101,Huyện ứng Hòa,17,1810,VN10147,Xã Đồng Tiến,377,VN1014711,1B2477
378,Hà Nội,1,201,VN101,Huyện ứng Hòa,17,1810,VN10147,Xã Hòa Lâm,378,VN1014741,1B2478
379,Hà Nội,1,201,VN101,Huyện ứng Hòa,17,1810,VN10147,Xã Hòa Nam,379,VN1014745,1B2479
380,Hà Nội,1,201,VN101,Huyện ứng Hòa,17,1810,VN10147,Xã Hòa Phú,380,VN1014747,1B2480
381,Hà Nội,1,201,VN101,Huyện ứng Hòa,17,1810,VN10147,Xã Hoa Sơn,381,VN1014723,1B2481
382,Hà Nội,1,201,VN101,Huyện ứng Hòa,17,1810,VN10147,Xã Hòa Xá,382,VN1014703,1B2482
383,Hà Nội,1,201,VN101,Huyện ứng Hòa,17,1810,VN10147,Xã Hồng Quang,383,VN1014757,1B2483
384,Hà Nội,1,201,VN101,Huyện ứng Hòa,17,1810,VN10147,Xã Kim Đường,384,VN1014743,1B2484
385,Hà Nội,1,201,VN101,Huyện ứng Hòa,17,1810,VN10147,Xã Liên Bạt,385,VN1014729,1B2485
386,Hà Nội,1,201,VN101,Huyện ứng Hòa,17,1810,VN10147,Xã Lưu Hoàng,386,VN1014717,1B2486
387,Hà Nội,1,201,VN101,Huyện ứng Hòa,17,1810,VN10147,Xã Minh Đức,387,VN1014739,1B2487
388,Hà Nội,1,201,VN101,Huyện ứng Hòa,17,1810,VN10147,Xã Phù Lưu,388,VN1014753,1B2488
389,Hà Nội,1,201,VN101,Huyện ứng Hòa,17,1810,VN10147,Xã Phương Tú,389,VN1014731,1B2489
390,Hà Nội,1,201,VN101,Huyện ứng Hòa,17,1810,VN10147,Xã Quảng Phú Cầu,390,VN1014725,1B2490
391,Hà Nội,1,201,VN101,Huyện ứng Hòa,17,1810,VN10147,Xã Sơn Công,391,VN1014705,1B2491
392,Hà Nội,1,201,VN101,Huyện ứng Hòa,17,1810,VN10147,Xã Tảo Dương Văn,392,VN1014713,1B2492
393,Hà Nội,1,201,VN101,Huyện ứng Hòa,17,1810,VN10147,Xã Trầm Lộng,393,VN1014715,1B2493
394,Hà Nội,1,201,VN101,Huyện ứng Hòa,17,1810,VN10147,Xã Trung Tú,394,VN1014733,1B2494
395,Hà Nội,1,201,VN101,Huyện ứng Hòa,17,1810,VN10147,Xã Trường Thịnh,395,VN1014709,1B2495
396,Hà Nội,1,201,VN101,Huyện ứng Hòa,17,1810,VN10147,Xã Vạn Thái,396,VN1014737,1B2496
397,Hà Nội,1,201,VN101,Huyện ứng Hòa,17,1810,VN10147,Xã Viên An,397,VN1014707,1B2497
398,Hà Nội,1,201,VN101,Huyện ứng Hòa,17,1810,VN10147,Xã Viên Nội,398,VN1014721,1B2498
399,Hà Nội,1,201,VN101,Quận Ba Đình,18,1484,VN10101,Phường Cống Vị,399,VN1010107,1B2499
400,Hà Nội,1,201,VN101,Quận Ba Đình,18,1484,VN10101,Phường Điện Biên,400,VN1010123,1B2500
401,Hà Nội,1,201,VN101,Quận Ba Đình,18,1484,VN10101,Phường Đội Cấn,401,VN1010115,1B2501
402,Hà Nội,1,201,VN101,Quận Ba Đình,18,1484,VN10101,Phường Giảng Võ,402,VN1010119,1B2502
403,Hà Nội,1,201,VN101,Quận Ba Đình,18,1484,VN10101,Phường Kim Mã,403,VN1010117,1B2503
404,Hà Nội,1,201,VN101,Quận Ba Đình,18,1484,VN10101,Phường Liễu Giai,404,VN1010109,1B2504
405,Hà Nội,1,201,VN101,Quận Ba Đình,18,1484,VN10101,Phường Ngọc Hà,405,VN1010113,1B2505
406,Hà Nội,1,201,VN101,Quận Ba Đình,18,1484,VN10101,Phường Ngọc Khánh,406,VN1010127,1B2506
407,Hà Nội,1,201,VN101,Quận Ba Đình,18,1484,VN10101,Phường Nguyễn Trung Trực,407,VN1010111,1B2507
408,Hà Nội,1,201,VN101,Quận Ba Đình,18,1484,VN10101,Phường Phúc Xá,408,VN1010101,1B2508
409,Hà Nội,1,201,VN101,Quận Ba Đình,18,1484,VN10101,Phường Quán Thánh,409,VN1010125,1B2509
410,Hà Nội,1,201,VN101,Quận Ba Đình,18,1484,VN10101,Phường Thành Công,410,VN1010121,1B2510
411,Hà Nội,1,201,VN101,Quận Ba Đình,18,1484,VN10101,Phường Trúc Bạch,411,VN1010103,1B2511
412,Hà Nội,1,201,VN101,Quận Ba Đình,18,1484,VN10101,Phường Vĩnh Phúc,412,VN1010105,1B2512
413,Hà Nội,1,201,VN101,Quận Bắc Từ Liêm,19,1482,VN10157,Phường Cổ Nhuế 1,413,VN1015711,1B2513
414,Hà Nội,1,201,VN101,Quận Bắc Từ Liêm,19,1482,VN10157,Phường Cổ Nhuế 2,414,VN1015713,1B2514
415,Hà Nội,1,201,VN101,Quận Bắc Từ Liêm,19,1482,VN10157,Phường Đông Ngạc,415,VN1015705,1B2515
416,Hà Nội,1,201,VN101,Quận Bắc Từ Liêm,19,1482,VN10157,Phường Đức Thắng,416,VN1015707,1B2516
417,Hà Nội,1,201,VN101,Quận Bắc Từ Liêm,19,1482,VN10157,Phường Liên Mạc,417,VN1015715,1B2517
418,Hà Nội,1,201,VN101,Quận Bắc Từ Liêm,19,1482,VN10157,Phường Minh Khai,418,VN1015721,1B2518
419,Hà Nội,1,201,VN101,Quận Bắc Từ Liêm,19,1482,VN10157,Phường Phú Diễn,419,VN1015723,1B2519
420,Hà Nội,1,201,VN101,Quận Bắc Từ Liêm,19,1482,VN10157,Phường Phúc Diễn,420,VN1015725,1B2520
421,Hà Nội,1,201,VN101,Quận Bắc Từ Liêm,19,1482,VN10157,Phường Tây Tựu,421,VN1015719,1B2521
422,Hà Nội,1,201,VN101,Quận Bắc Từ Liêm,19,1482,VN10157,Phường Thượng Cát,422,VN1015717,1B2522
423,Hà Nội,1,201,VN101,Quận Bắc Từ Liêm,19,1482,VN10157,Phường Thụy Phương,423,VN1015709,1B2523
424,Hà Nội,1,201,VN101,Quận Bắc Từ Liêm,19,1482,VN10157,Phường Xuân Đỉnh,424,VN1015701,1B2524
425,Hà Nội,1,201,VN101,Quận Bắc Từ Liêm,19,1482,VN10157,Phường Xuân Tảo,425,VN1015703,1B2525
426,Hà Nội,1,201,VN101,Quận Cầu Giấy,20,1485,VN10113,Phường Dịch Vọng,426,VN1011303,1B2526
427,Hà Nội,1,201,VN101,Quận Cầu Giấy,20,1485,VN10113,Phường Dịch Vọng Hậu,427,VN1011305,1B2527
428,Hà Nội,1,201,VN101,Quận Cầu Giấy,20,1485,VN10113,Phường Mai Dịch,428,VN1011301,1B2528
429,Hà Nội,1,201,VN101,Quận Cầu Giấy,20,1485,VN10113,Phường Nghĩa Đô,429,VN1011311,1B2529
430,Hà Nội,1,201,VN101,Quận Cầu Giấy,20,1485,VN10113,Phường Nghĩa Tân,430,VN1011313,1B2530
431,Hà Nội,1,201,VN101,Quận Cầu Giấy,20,1485,VN10113,Phường Quan Hoa,431,VN1011307,1B2531
432,Hà Nội,1,201,VN101,Quận Cầu Giấy,20,1485,VN10113,Phường Trung Hòa,432,VN1011309,1B2532
433,Hà Nội,1,201,VN101,Quận Cầu Giấy,20,1485,VN10113,Phường Yên Hòa,433,VN1011315,1B2533
434,Hà Nội,1,201,VN101,Quận Đống đa,21,1486,VN10109,Phường Cát Linh,434,VN1010901,1B2534
435,Hà Nội,1,201,VN101,Quận Đống đa,21,1486,VN10109,Phường Hàng Bột,435,VN1010909,1B2535
436,Hà Nội,1,201,VN101,Quận Đống đa,21,1486,VN10109,Phường Khâm Thiên,436,VN1010911,1B2536
437,Hà Nội,1,201,VN101,Quận Đống đa,21,1486,VN10109,Phường Khương Thượng,437,VN1010929,1B2537
438,Hà Nội,1,201,VN101,Quận Đống đa,21,1486,VN10109,Phường Kim Liên,438,VN1010925,1B2538
439,Hà Nội,1,201,VN101,Quận Đống đa,21,1486,VN10109,Phường Láng Hạ,439,VN1010937,1B2539
440,Hà Nội,1,201,VN101,Quận Đống đa,21,1486,VN10109,Phường Láng Thượng,440,VN1010905,1B2540
441,Hà Nội,1,201,VN101,Quận Đống đa,21,1486,VN10109,Phường Nam Đồng,441,VN1010915,1B2541
442,Hà Nội,1,201,VN101,Quận Đống đa,21,1486,VN10109,Phường Ngã Tư Sở,442,VN1010927,1B2542
443,Hà Nội,1,201,VN101,Quận Đống đa,21,1486,VN10109,Phường ô Chợ Dừa,443,VN1010907,1B2543
444,Hà Nội,1,201,VN101,Quận Đống đa,21,1486,VN10109,Phường Phương Liên,444,VN1010921,1B2544
445,Hà Nội,1,201,VN101,Quận Đống đa,21,1486,VN10109,Phường Phương Mai,445,VN1010933,1B2545
446,Hà Nội,1,201,VN101,Quận Đống đa,21,1486,VN10109,Phường Quang Trung,446,VN1010917,1B2546
447,Hà Nội,1,201,VN101,Quận Đống đa,21,1486,VN10109,Phường Quốc Tử Giám,447,VN1010935,1B2547
448,Hà Nội,1,201,VN101,Quận Đống đa,21,1486,VN10109,Phường Thịnh Quang,448,VN1010923,1B2548
449,Hà Nội,1,201,VN101,Quận Đống đa,21,1486,VN10109,Phường Thổ Quan,449,VN1010913,1B2549
450,Hà Nội,1,201,VN101,Quận Đống đa,21,1486,VN10109,Phường Trung Liệt,450,VN1010919,1B2550
451,Hà Nội,1,201,VN101,Quận Đống đa,21,1486,VN10109,Phường Trung Phụng,451,VN1010939,1B2551
452,Hà Nội,1,201,VN101,Quận Đống đa,21,1486,VN10109,Phường Trung Tự,452,VN1010941,1B2552
453,Hà Nội,1,201,VN101,Quận Đống đa,21,1486,VN10109,Phường Văn Chương,453,VN1010931,1B2553
454,Hà Nội,1,201,VN101,Quận Đống đa,21,1486,VN10109,Phường Văn Miếu,454,VN1010903,1B2554
455,Hà Nội,1,201,VN101,Quận Hà Đông,22,1542,VN10127,Phường Biên Giang,455,VN1012723,1B2555
456,Hà Nội,1,201,VN101,Quận Hà Đông,22,1542,VN10127,Phường Đồng Mai,456,VN1012721,1B2556
457,Hà Nội,1,201,VN101,Quận Hà Đông,22,1542,VN10127,Phường Dương Nội,457,VN1012719,1B2557
458,Hà Nội,1,201,VN101,Quận Hà Đông,22,1542,VN10127,Phường Hà Cầu,458,VN1012711,1B2558
459,Hà Nội,1,201,VN101,Quận Hà Đông,22,1542,VN10127,Phường Kiến Hưng,459,VN1012715,1B2559
460,Hà Nội,1,201,VN101,Quận Hà Đông,22,1542,VN10127,Phường La Khê,460,VN1012728,1B2560
461,Hà Nội,1,201,VN101,Quận Hà Đông,22,1542,VN10127,Phường Mộ Lao,461,VN1012703,1B2561
462,Hà Nội,1,201,VN101,Quận Hà Đông,22,1542,VN10127,Phường Nguyễn Trãi,462,VN1012701,1B2562
463,Hà Nội,1,201,VN101,Quận Hà Đông,22,1542,VN10127,Phường Phú La,463,VN1012727,1B2563
464,Hà Nội,1,201,VN101,Quận Hà Đông,22,1542,VN10127,Phường Phú Lãm,464,VN1012717,1B2564
465,Hà Nội,1,201,VN101,Quận Hà Đông,22,1542,VN10127,Phường Phú Lương,465,VN1012725,1B2565
466,Hà Nội,1,201,VN101,Quận Hà Đông,22,1542,VN10127,Phường Phúc La,466,VN1012709,1B2566
467,Hà Nội,1,201,VN101,Quận Hà Đông,22,1542,VN10127,Phường Quang Trung,467,VN1012707,1B2567
468,Hà Nội,1,201,VN101,Quận Hà Đông,22,1542,VN10127,Phường Vạn Phúc,468,VN1012705,1B2568
469,Hà Nội,1,201,VN101,Quận Hà Đông,22,1542,VN10127,Phường Văn Quán,469,VN1012704,1B2569
470,Hà Nội,1,201,VN101,Quận Hà Đông,22,1542,VN10127,Phường Yên Nghĩa,470,VN1012713,1B2570
471,Hà Nội,1,201,VN101,Quận Hà Đông,22,1542,VN10127,Phường Yết Kiêu,471,VN1012729,1B2571
472,Hà Nội,1,201,VN101,Quận Hai Bà Trưng,23,1488,VN10107,Phường Bạch Đằng,472,VN1010727,1B2572
473,Hà Nội,1,201,VN101,Quận Hai Bà Trưng,23,1488,VN10107,Phường Bách Khoa,473,VN1010713,1B2573
474,Hà Nội,1,201,VN101,Quận Hai Bà Trưng,23,1488,VN10107,Phường Bạch Mai,474,VN1010719,1B2574
475,Hà Nội,1,201,VN101,Quận Hai Bà Trưng,23,1488,VN10107,Phường Cầu Dền,475,VN1010711,1B2575
476,Hà Nội,1,201,VN101,Quận Hai Bà Trưng,23,1488,VN10107,Phường Đống Mác,476,VN1010705,1B2576
477,Hà Nội,1,201,VN101,Quận Hai Bà Trưng,23,1488,VN10107,Phường Đồng Nhân,477,VN1010703,1B2577
478,Hà Nội,1,201,VN101,Quận Hai Bà Trưng,23,1488,VN10107,Phường Đồng Tâm,478,VN1010715,1B2578
479,Hà Nội,1,201,VN101,Quận Hai Bà Trưng,23,1488,VN10107,Phường Lê Đại Hành,479,VN1010701,1B2579
480,Hà Nội,1,201,VN101,Quận Hai Bà Trưng,23,1488,VN10107,Phường Minh Khai,480,VN1010735,1B2580
481,Hà Nội,1,201,VN101,Quận Hai Bà Trưng,23,1488,VN10107,Phường Nguyễn Du,481,VN1010739,1B2581
482,Hà Nội,1,201,VN101,Quận Hai Bà Trưng,23,1488,VN10107,Phường Phạm Đình Hổ,482,VN1010729,1B2582
483,Hà Nội,1,201,VN101,Quận Hai Bà Trưng,23,1488,VN10107,Phường Phố Huế,483,VN1010733,1B2583
484,Hà Nội,1,201,VN101,Quận Hai Bà Trưng,23,1488,VN10107,Phường Quỳnh Lôi,484,VN1010721,1B2584
485,Hà Nội,1,201,VN101,Quận Hai Bà Trưng,23,1488,VN10107,Phường Quỳnh Mai,485,VN1010737,1B2585
486,Hà Nội,1,201,VN101,Quận Hai Bà Trưng,23,1488,VN10107,Phường Thanh Lương,486,VN1010707,1B2586
487,Hà Nội,1,201,VN101,Quận Hai Bà Trưng,23,1488,VN10107,Phường Thanh Nhàn,487,VN1010709,1B2587
488,Hà Nội,1,201,VN101,Quận Hai Bà Trưng,23,1488,VN10107,Phường Trương Định,488,VN1010723,1B2588
489,Hà Nội,1,201,VN101,Quận Hai Bà Trưng,23,1488,VN10107,Phường Vĩnh Tuy,489,VN1010717,1B2589
490,Hà Nội,1,201,VN101,Quận Hoàn Kiếm,24,1489,VN10105,Phường Chương Dương,490,VN1010515,1B2590
491,Hà Nội,1,201,VN101,Quận Hoàn Kiếm,24,1489,VN10105,Phường Cửa Đông,491,VN1010531,1B2591
492,Hà Nội,1,201,VN101,Quận Hoàn Kiếm,24,1489,VN10105,Phường Cửa Nam,492,VN1010519,1B2592
493,Hà Nội,1,201,VN101,Quận Hoàn Kiếm,24,1489,VN10105,Phường Đồng Xuân,493,VN1010529,1B2593
494,Hà Nội,1,201,VN101,Quận Hoàn Kiếm,24,1489,VN10105,Phường Hàng Bạc,494,VN1010513,1B2594
495,Hà Nội,1,201,VN101,Quận Hoàn Kiếm,24,1489,VN10105,Phường Hàng Bài,495,VN1010525,1B2595
496,Hà Nội,1,201,VN101,Quận Hoàn Kiếm,24,1489,VN10105,Phường Hàng Bồ,496,VN1010509,1B2596
497,Hà Nội,1,201,VN101,Quận Hoàn Kiếm,24,1489,VN10105,Phường Hàng Bông,497,VN1010527,1B2597
498,Hà Nội,1,201,VN101,Quận Hoàn Kiếm,24,1489,VN10105,Phường Hàng Buồm,498,VN1010505,1B2598
499,Hà Nội,1,201,VN101,Quận Hoàn Kiếm,24,1489,VN10105,Phường Hàng Đào,499,VN1010507,1B2599
500,Hà Nội,1,201,VN101,Quận Hoàn Kiếm,24,1489,VN10105,Phường Hàng Gai,500,VN1010533,1B2600
501,Hà Nội,1,201,VN101,Quận Hoàn Kiếm,24,1489,VN10105,Phường Hàng Mã,501,VN1010503,1B2601
502,Hà Nội,1,201,VN101,Quận Hoàn Kiếm,24,1489,VN10105,Phường Hàng Trống,502,VN1010517,1B2602
503,Hà Nội,1,201,VN101,Quận Hoàn Kiếm,24,1489,VN10105,Phường Lý Thái Tổ,503,VN1010511,1B2603
504,Hà Nội,1,201,VN101,Quận Hoàn Kiếm,24,1489,VN10105,Phường Phan Chu Trinh,504,VN1010523,1B2604
505,Hà Nội,1,201,VN101,Quận Hoàn Kiếm,24,1489,VN10105,Phường Phúc Tân,505,VN1010501,1B2605
506,Hà Nội,1,201,VN101,Quận Hoàn Kiếm,24,1489,VN10105,Phường Trần Hưng Đạo,506,VN1010521,1B2606
507,Hà Nội,1,201,VN101,Quận Hoàn Kiếm,24,1489,VN10105,Phường Tràng Tiền,507,VN1010535,1B2607
508,Hà Nội,1,201,VN101,Quận Hoàng Mai,25,1490,VN10108,Phường Đại Kim,508,VN1010823,1B2608
509,Hà Nội,1,201,VN101,Quận Hoàng Mai,25,1490,VN10108,Phường Định Công,509,VN1010803,1B2609
510,Hà Nội,1,201,VN101,Quận Hoàng Mai,25,1490,VN10108,Phường Giáp Bát,510,VN1010813,1B2610
511,Hà Nội,1,201,VN101,Quận Hoàng Mai,25,1490,VN10108,Phường Hoàng Liệt,511,VN1010817,1B2611
512,Hà Nội,1,201,VN101,Quận Hoàng Mai,25,1490,VN10108,Phường Hoàng Văn Thụ,512,VN1010811,1B2612
513,Hà Nội,1,201,VN101,Quận Hoàng Mai,25,1490,VN10108,Phường Lĩnh Nam,513,VN1010825,1B2613
514,Hà Nội,1,201,VN101,Quận Hoàng Mai,25,1490,VN10108,Phường Mai Động,514,VN1010805,1B2614
515,Hà Nội,1,201,VN101,Quận Hoàng Mai,25,1490,VN10108,Phường Tân Mai,515,VN1010809,1B2615
516,Hà Nội,1,201,VN101,Quận Hoàng Mai,25,1490,VN10108,Phường Thanh Trì,516,VN1010821,1B2616
517,Hà Nội,1,201,VN101,Quận Hoàng Mai,25,1490,VN10108,Phường Thịnh Liệt,517,VN1010815,1B2617
518,Hà Nội,1,201,VN101,Quận Hoàng Mai,25,1490,VN10108,Phường Trần Phú,518,VN1010819,1B2618
519,Hà Nội,1,201,VN101,Quận Hoàng Mai,25,1490,VN10108,Phường Tương Mai,519,VN1010807,1B2619
520,Hà Nội,1,201,VN101,Quận Hoàng Mai,25,1490,VN10108,Phường Vĩnh Hưng,520,VN1010801,1B2620
521,Hà Nội,1,201,VN101,Quận Hoàng Mai,25,1490,VN10108,Phường Yên Sở,521,VN1010827,1B2621
522,Hà Nội,1,201,VN101,Quận Long Biên,26,1491,VN10106,Phường Bồ Đề,522,VN1010611,1B2622
523,Hà Nội,1,201,VN101,Quận Long Biên,26,1491,VN10106,Phường Cự Khối,523,VN1010619,1B2623
524,Hà Nội,1,201,VN101,Quận Long Biên,26,1491,VN10106,Phường Đức Giang,524,VN1010603,1B2624
525,Hà Nội,1,201,VN101,Quận Long Biên,26,1491,VN10106,Phường Gia Thụy,525,VN1010607,1B2625
526,Hà Nội,1,201,VN101,Quận Long Biên,26,1491,VN10106,Phường Giang Biên,526,VN1010601,1B2626
527,Hà Nội,1,201,VN101,Quận Long Biên,26,1491,VN10106,Phường Long Biên,527,VN1010627,1B2627
528,Hà Nội,1,201,VN101,Quận Long Biên,26,1491,VN10106,Phường Ngọc Lâm,528,VN1010625,1B2628
529,Hà Nội,1,201,VN101,Quận Long Biên,26,1491,VN10106,Phường Ngọc Thụy,529,VN1010623,1B2629
530,Hà Nội,1,201,VN101,Quận Long Biên,26,1491,VN10106,Phường Phúc Đồng,530,VN1010617,1B2630
531,Hà Nội,1,201,VN101,Quận Long Biên,26,1491,VN10106,Phường Phúc Lợi,531,VN1010609,1B2631
532,Hà Nội,1,201,VN101,Quận Long Biên,26,1491,VN10106,Phường Sài Đồng,532,VN1010613,1B2632
533,Hà Nội,1,201,VN101,Quận Long Biên,26,1491,VN10106,Phường Thạch Bàn,533,VN1010615,1B2633
534,Hà Nội,1,201,VN101,Quận Long Biên,26,1491,VN10106,Phường Thượng Thanh,534,VN1010621,1B2634
535,Hà Nội,1,201,VN101,Quận Long Biên,26,1491,VN10106,Phường Việt Hưng,535,VN1010605,1B2635
536,Hà Nội,1,201,VN101,Quận Nam Từ Liêm,27,3440,VN10155,Phường Cầu Diễn,536,VN1015509,1B2636
537,Hà Nội,1,201,VN101,Quận Nam Từ Liêm,27,3440,VN10155,Phường Đại Mỗ,537,VN1015507,1B2637
538,Hà Nội,1,201,VN101,Quận Nam Từ Liêm,27,3440,VN10155,Phường Mễ Trì,538,VN1015515,1B2638
539,Hà Nội,1,201,VN101,Quận Nam Từ Liêm,27,3440,VN10155,Phường Mỹ Đình 1,539,VN1015511,1B2639
540,Hà Nội,1,201,VN101,Quận Nam Từ Liêm,27,3440,VN10155,Phường Mỹ Đình 2,540,VN1015513,1B2640
541,Hà Nội,1,201,VN101,Quận Nam Từ Liêm,27,3440,VN10155,Phường Phú Đô,541,VN1015517,1B2641
542,Hà Nội,1,201,VN101,Quận Nam Từ Liêm,27,3440,VN10155,Phường Phương Canh,542,VN1015503,1B2642
543,Hà Nội,1,201,VN101,Quận Nam Từ Liêm,27,3440,VN10155,Phường Tây Mỗ,543,VN1015505,1B2643
544,Hà Nội,1,201,VN101,Quận Nam Từ Liêm,27,3440,VN10155,Phường Trung Văn,544,VN1015519,1B2644
545,Hà Nội,1,201,VN101,Quận Nam Từ Liêm,27,3440,VN10155,Phường Xuân Phương,545,VN1015501,1B2645
546,Hà Nội,1,201,VN101,Quận Tây Hồ,28,1492,VN10103,Phường Bưởi,546,VN1010309,1B2646
547,Hà Nội,1,201,VN101,Quận Tây Hồ,28,1492,VN10103,Phường Nhật Tân,547,VN1010301,1B2647
548,Hà Nội,1,201,VN101,Quận Tây Hồ,28,1492,VN10103,Phường Phú Thượng,548,VN1010313,1B2648
549,Hà Nội,1,201,VN101,Quận Tây Hồ,28,1492,VN10103,Phường Quảng An,549,VN1010305,1B2649
550,Hà Nội,1,201,VN101,Quận Tây Hồ,28,1492,VN10103,Phường Thụy Khuê,550,VN1010311,1B2650
551,Hà Nội,1,201,VN101,Quận Tây Hồ,28,1492,VN10103,Phường Tứ Liên,551,VN1010303,1B2651
552,Hà Nội,1,201,VN101,Quận Tây Hồ,28,1492,VN10103,Phường Xuân La,552,VN1010307,1B2652
553,Hà Nội,1,201,VN101,Quận Tây Hồ,28,1492,VN10103,Phường Yên Phụ,553,VN1010315,1B2653
554,Hà Nội,1,201,VN101,Quận Thanh Xuân,29,1493,VN10111,Phường Hạ Đình,554,VN1011111,1B2654
555,Hà Nội,1,201,VN101,Quận Thanh Xuân,29,1493,VN10111,Phường Khương Đình,555,VN1011113,1B2655
556,Hà Nội,1,201,VN101,Quận Thanh Xuân,29,1493,VN10111,Phường Khương Mai,556,VN1011119,1B2656
557,Hà Nội,1,201,VN101,Quận Thanh Xuân,29,1493,VN10111,Phường Khương Trung,557,VN1011105,1B2657
558,Hà Nội,1,201,VN101,Quận Thanh Xuân,29,1493,VN10111,Phường Kim Giang,558,VN1011115,1B2658
559,Hà Nội,1,201,VN101,Quận Thanh Xuân,29,1493,VN10111,Phường Nhân Chính,559,VN1011101,1B2659
560,Hà Nội,1,201,VN101,Quận Thanh Xuân,29,1493,VN10111,Phường Phương Liệt,560,VN1011109,1B2660
561,Hà Nội,1,201,VN101,Quận Thanh Xuân,29,1493,VN10111,Phường Thanh Xuân Bắc,561,VN1011121,1B2661
562,Hà Nội,1,201,VN101,Quận Thanh Xuân,29,1493,VN10111,Phường Thanh Xuân Nam,562,VN1011117,1B2662
563,Hà Nội,1,201,VN101,Quận Thanh Xuân,29,1493,VN10111,Phường Thanh Xuân Trung,563,VN1011107,1B2663
564,Hà Nội,1,201,VN101,Quận Thanh Xuân,29,1493,VN10111,Phường Thượng Đình,564,VN1011103,1B2664
565,Hà Nội,1,201,VN101,Thị Xã Sơn Tây,30,1711,VN10129,Phường Lê Lợi,565,VN1012923,1B2665
566,Hà Nội,1,201,VN101,Thị Xã Sơn Tây,30,1711,VN10129,Phường Ngô Quyền,566,VN1012925,1B2666
567,Hà Nội,1,201,VN101,Thị Xã Sơn Tây,30,1711,VN10129,Phường Phú Thịnh,567,VN1012901,1B2667
568,Hà Nội,1,201,VN101,Thị Xã Sơn Tây,30,1711,VN10129,Phường Quang Trung,568,VN1012903,1B2668
569,Hà Nội,1,201,VN101,Thị Xã Sơn Tây,30,1711,VN10129,Phường Sơn Lộc,569,VN1012905,1B2669
570,Hà Nội,1,201,VN101,Thị Xã Sơn Tây,30,1711,VN10129,Phường Trung Hưng,570,VN1012913,1B2670
571,Hà Nội,1,201,VN101,Thị Xã Sơn Tây,30,1711,VN10129,Phường Trung Sơn Trầm,571,VN1012929,1B2671
572,Hà Nội,1,201,VN101,Thị Xã Sơn Tây,30,1711,VN10129,Phường Viên Sơn,572,VN1012927,1B2672
573,Hà Nội,1,201,VN101,Thị Xã Sơn Tây,30,1711,VN10129,Phường Xuân Khanh,573,VN1012907,1B2673
574,Hà Nội,1,201,VN101,Thị Xã Sơn Tây,30,1711,VN10129,Xã Cổ Đông,574,VN1012921,1B2674
575,Hà Nội,1,201,VN101,Thị Xã Sơn Tây,30,1711,VN10129,Xã Đường Lâm,575,VN1012909,1B2675
576,Hà Nội,1,201,VN101,Thị Xã Sơn Tây,30,1711,VN10129,Xã Kim Sơn,576,VN1012917,1B2676
577,Hà Nội,1,201,VN101,Thị Xã Sơn Tây,30,1711,VN10129,Xã Sơn Đông,577,VN1012919,1B2677
578,Hà Nội,1,201,VN101,Thị Xã Sơn Tây,30,1711,VN10129,Xã Thanh Mỹ,578,VN1012915,1B2678
579,Hà Nội,1,201,VN101,Thị Xã Sơn Tây,30,1711,VN10129,Xã Xuân Sơn,579,VN1012911,1B2679